{"cameraMode":{"drawMode":0,"name":"Shaded","section":"Shading Mode"},"sceneLighting":true,"audioPlay":false,"sceneViewState":{"m_AlwaysRefresh":false,"showFog":true,"showSkybox":true,"showFlares":true,"showImageEffects":true,"showParticleSystems":true,"showVisualEffectGraphs":true,"m_FxEnabled":true},"in2DMode":false,"pivot":{"x":-10.464762687683106,"y":3.647233009338379,"z":-9.903764724731446},"rotation":{"x":0.19796699285507203,"y":0.08808714151382446,"z":-0.017873089760541917,"w":0.9760971665382385},"size":9.631092071533204,"orthographic":true}